{
    "fx": 616.322509765625,
    "fy": 616.6488647460938,
    "ppx": 323.8255615234375,
    "ppy": 241.10252380371094,
    "width": 640,
    "height": 480
}