{
	"class_name" : "PinholeCameraParameters",
	"extrinsic" : 
	[
		-0.9370173010596573,
		0.15997666334152782,
		-0.31049322810809743,
		0.0,
		-0.34906769024824025,
		-0.46010725374179551,
		0.81636576525411797,
		0.0,
		-0.012260715298634818,
		0.87333200000932898,
		0.48697114146535558,
		0.0,
		0.02984324791192431,
		-0.34063935993830136,
		0.19972620760636797,
		1.0
	],
	"intrinsic" : 
	{
		"height" : 1055,
		"intrinsic_matrix" : 
		[
			913.65680099258282,
			0.0,
			0.0,
			0.0,
			913.65680099258282,
			0.0,
			959.5,
			527.0,
			1.0
		],
		"width" : 1920
	},
	"version_major" : 1,
	"version_minor" : 0
}